MariaDB [db1]> create table customer(cid int,customer_name varchar(30),salary int);
Query OK, 0 rows affected (0.24 sec)

MariaDB [db1]> start transaction;
Query OK, 0 rows affected (0.00 sec)

MariaDB [db1]> set autocommit=0;
Query OK, 0 rows affected (0.00 sec)

MariaDB [db1]> insert into customer values(1,'Thasni Rashid',30000);
Query OK, 1 row affected (0.00 sec)

MariaDB [db1]> insert into customer values(2,'Reshma Ramesh',25000);
Query OK, 1 row affected (0.00 sec)

MariaDB [db1]> commit;
Query OK, 0 rows affected (0.03 sec)

MariaDB [db1]> select * from customer;
+------+---------------+--------+
| cid  | customer_name | salary |
+------+---------------+--------+
|    1 | Thasni Rashid |  30000 |
|    2 | Reshma Ramesh |  25000 |
+------+---------------+--------+
2 rows in set (0.00 sec)

MariaDB [db1]> delete from customer where cid=1;

Query OK, 1 row affected (0.00 sec)

MariaDB [db1]> select * from customer;
+------+---------------+--------+
| cid  | customer_name | salary |
+------+---------------+--------+
|    2 | Reshma Ramesh |  25000 |
+------+---------------+--------+
1 row in set (0.00 sec)

MariaDB [db1]> commit;
Query OK, 0 rows affected (0.03 sec)

MariaDB [db1]> rollback;
Query OK, 0 rows affected (0.00 sec)

MariaDB [db1]> select * from customer;
+------+---------------+--------+
| cid  | customer_name | salary |
+------+---------------+--------+
|    2 | Reshma Ramesh |  25000 |
+------+---------------+--------+
1 row in set (0.00 sec)

MariaDB [db1]> insert into customer values(1,'Thasni Rashid',30000);
Query OK, 1 row affected (0.00 sec)

MariaDB [db1]> delete from customer where cid=1;
Query OK, 1 row affected (0.00 sec)

MariaDB [db1]> rollback;
Query OK, 0 rows affected (0.04 sec)

MariaDB [db1]> select * from customer;
+------+---------------+--------+
| cid  | customer_name | salary |
+------+---------------+--------+
|    2 | Reshma Ramesh |  25000 |
+------+---------------+--------+
1 row in set (0.00 sec)

MariaDB [db1]> insert into customer values(1,'Thasni Rashid',30000);
Query OK, 1 row affected (0.00 sec)

MariaDB [db1]> select * from customer;
+------+---------------+--------+
| cid  | customer_name | salary |
+------+---------------+--------+
|    2 | Reshma Ramesh |  25000 |
|    1 | Thasni Rashid |  30000 |
+------+---------------+--------+
2 rows in set (0.00 sec)

MariaDB [db1]> delete from customer where cid=1;
Query OK, 1 row affected (0.00 sec)

MariaDB [db1]> rollback;
Query OK, 0 rows affected (0.03 sec)

MariaDB [db1]> select * from customer;
+------+---------------+--------+
| cid  | customer_name | salary |
+------+---------------+--------+
|    2 | Reshma Ramesh |  25000 |
+------+---------------+--------+
1 row in set (0.00 sec)

MariaDB [db1]> insert into customer values(1,'Thasni Rashid',30000);
Query OK, 1 row affected (0.00 sec)

MariaDB [db1]> commit;
Query OK, 0 rows affected (0.03 sec)

MariaDB [db1]> rollback;
Query OK, 0 rows affected (0.00 sec)

MariaDB [db1]> select * from customer;
+------+---------------+--------+
| cid  | customer_name | salary |
+------+---------------+--------+
|    2 | Reshma Ramesh |  25000 |
+------+---------------+--------+
1 row in set (0.00 sec)

MariaDB [db1]> insert into customer values(1,'Thasni Rashid',30000);
Query OK, 1 row affected (0.00 sec)

MariaDB [db1]> delete from customer where cid=1;
Query OK, 1 row affected (0.00 sec)

MariaDB [db1]> rollback;
Query OK, 0 rows affected (0.04 sec)

MariaDB [db1]> select * from customer;
+------+---------------+--------+
| cid  | customer_name | salary |
+------+---------------+--------+
|    2 | Reshma Ramesh |  25000 |
+------+---------------+--------+
1 row in set (0.00 sec)

MariaDB [db1]> insert into customer values(1,'Thasni Rashid',30000);
Query OK, 1 row affected (0.00 sec)

MariaDB [db1]> select * from customer;
+------+---------------+--------+
| cid  | customer_name | salary |
+------+---------------+--------+
|    2 | Reshma Ramesh |  25000 |
|    1 | Thasni Rashid |  30000 |
+------+---------------+--------+
2 rows in set (0.00 sec)







